"","mois","grippe_2023","grippe_2024","grippe_2025","grippe_2026","covid_2023","covid_2024","covid_2025","covid_2026"
"1","01",29500.2,38829.8,88955.7,67655.7,5917,4268,1442,1388
"2","02",33128.1,47810.3,81212.2,28376.2,4718,1343,553,575
"3","03",34178.5,18798.1,28896.5,11122.3,7326,643,418,236
"4","04",10311.1,11545.5,11237.3,7663.1,4656,404,341,97
"5","05",6158,9867.4,8734.7,4072.5,2646,647,375,56
"6","06",4439,7697,6279.5,4904.9,967,1208,444,46
"7","07",2434.1,5525.7,5618.7,3503,736,2234,377,57
"8","08",7399.2,8288.9,4957.9,3941.1,2388,2383,955,114
"9","09",9785.9,10903.8,10246.1,NA,4166,3320,1524,NA
"10","10",15753,17712.9,14306.8,NA,6944,5211,2573,NA
"11","11",31648.4,19143.8,18980.8,NA,13834,3810,2143,NA
"12","12",28354.8,23435.8,50191,NA,13653,2918,2595,NA
